PassengerId,Survived,Pclass,Sex,Age,SibSp,Parch,Fare,Embarked,HasCabin,AgeGroup,Pclass_desc
1,0,3,male,22.0,1,0,7.25,S,0,Adult,Lower
2,1,1,female,38.0,1,0,71.2833,C,1,Adult,Upper
3,1,3,female,26.0,0,0,7.925,S,0,Adult,Lower
4,1,1,female,35.0,1,0,53.1,S,1,Adult,Upper
5,0,3,male,35.0,0,0,8.05,S,0,Adult,Lower
6,0,3,male,25.0,0,0,8.4583,Q,0,Adult,Lower
7,0,1,male,54.0,0,0,51.8625,S,1,MiddleAge,Upper
8,0,3,male,2.0,3,1,21.075,S,0,Child,Lower
9,1,3,female,27.0,0,2,11.1333,S,0,Adult,Lower
10,1,2,female,14.0,1,0,30.0708,C,0,Teen,Middle
11,1,3,female,4.0,1,1,16.7,S,1,Child,Lower
12,1,1,female,58.0,0,0,26.55,S,1,MiddleAge,Upper
13,0,3,male,20.0,0,0,8.05,S,0,Teen,Lower
14,0,3,male,39.0,1,5,31.275,S,0,Adult,Lower
15,0,3,female,14.0,0,0,7.8542,S,0,Teen,Lower
16,1,2,female,55.0,0,0,16.0,S,0,MiddleAge,Middle
17,0,3,male,2.0,4,1,29.125,Q,0,Child,Lower
18,1,2,male,30.0,0,0,13.0,S,0,Adult,Middle
19,0,3,female,31.0,1,0,18.0,S,0,Adult,Lower
20,1,3,female,21.5,0,0,7.225,C,0,Adult,Lower
21,0,2,male,35.0,0,0,26.0,S,0,Adult,Middle
22,1,2,male,34.0,0,0,13.0,S,1,Adult,Middle
23,1,3,female,15.0,0,0,8.0292,Q,0,Teen,Lower
24,1,1,male,28.0,0,0,35.5,S,1,Adult,Upper
25,0,3,female,8.0,3,1,21.075,S,0,Child,Lower
26,1,3,female,38.0,1,5,31.3875,S,0,Adult,Lower
27,0,3,male,25.0,0,0,7.225,C,0,Adult,Lower
28,0,1,male,19.0,3,2,263.0,S,1,Teen,Upper
29,1,3,female,21.5,0,0,7.8792,Q,0,Adult,Lower
30,0,3,male,25.0,0,0,7.8958,S,0,Adult,Lower
31,0,1,male,40.0,0,0,27.7208,C,0,Adult,Upper
32,1,1,female,35.0,1,0,146.5208,C,1,Adult,Upper
33,1,3,female,21.5,0,0,7.75,Q,0,Adult,Lower
34,0,2,male,66.0,0,0,10.5,S,0,Senior,Middle
35,0,1,male,28.0,1,0,82.1708,C,0,Adult,Upper
36,0,1,male,42.0,1,0,52.0,S,0,MiddleAge,Upper
37,1,3,male,25.0,0,0,7.2292,C,0,Adult,Lower
38,0,3,male,21.0,0,0,8.05,S,0,Adult,Lower
39,0,3,female,18.0,2,0,18.0,S,0,Teen,Lower
40,1,3,female,14.0,1,0,11.2417,C,0,Teen,Lower
41,0,3,female,40.0,1,0,9.475,S,0,Adult,Lower
42,0,2,female,27.0,1,0,21.0,S,0,Adult,Middle
43,0,3,male,25.0,0,0,7.8958,C,0,Adult,Lower
44,1,2,female,3.0,1,2,41.5792,C,0,Child,Middle
45,1,3,female,19.0,0,0,7.8792,Q,0,Teen,Lower
46,0,3,male,25.0,0,0,8.05,S,0,Adult,Lower
47,0,3,male,25.0,1,0,15.5,Q,0,Adult,Lower
48,1,3,female,21.5,0,0,7.75,Q,0,Adult,Lower
49,0,3,male,25.0,2,0,21.6792,C,0,Adult,Lower
50,0,3,female,18.0,1,0,17.8,S,0,Teen,Lower
51,0,3,male,7.0,4,1,39.6875,S,0,Child,Lower
52,0,3,male,21.0,0,0,7.8,S,0,Adult,Lower
53,1,1,female,49.0,1,0,76.7292,C,1,MiddleAge,Upper
54,1,2,female,29.0,1,0,26.0,S,0,Adult,Middle
55,0,1,male,65.0,0,1,61.9792,C,1,Senior,Upper
56,1,1,male,40.0,0,0,35.5,S,1,Adult,Upper
57,1,2,female,21.0,0,0,10.5,S,0,Adult,Middle
58,0,3,male,28.5,0,0,7.2292,C,0,Adult,Lower
59,1,2,female,5.0,1,2,27.75,S,0,Child,Middle
60,0,3,male,11.0,5,2,46.9,S,0,Child,Lower
61,0,3,male,22.0,0,0,7.2292,C,0,Adult,Lower
62,1,1,female,38.0,0,0,80.0,S,1,Adult,Upper
63,0,1,male,45.0,1,0,83.475,S,1,MiddleAge,Upper
64,0,3,male,4.0,3,2,27.9,S,0,Child,Lower
65,0,1,male,40.0,0,0,27.7208,C,0,Adult,Upper
66,1,3,male,25.0,1,1,15.2458,C,0,Adult,Lower
67,1,2,female,29.0,0,0,10.5,S,1,Adult,Middle
68,0,3,male,19.0,0,0,8.1583,S,0,Teen,Lower
69,1,3,female,17.0,4,2,7.925,S,0,Teen,Lower
70,0,3,male,26.0,2,0,8.6625,S,0,Adult,Lower
71,0,2,male,32.0,0,0,10.5,S,0,Adult,Middle
72,0,3,female,16.0,5,2,46.9,S,0,Teen,Lower
73,0,2,male,21.0,0,0,73.5,S,0,Adult,Middle
74,0,3,male,26.0,1,0,14.4542,C,0,Adult,Lower
75,1,3,male,32.0,0,0,56.4958,S,0,Adult,Lower
76,0,3,male,25.0,0,0,7.65,S,1,Adult,Lower
77,0,3,male,25.0,0,0,7.8958,S,0,Adult,Lower
78,0,3,male,25.0,0,0,8.05,S,0,Adult,Lower
79,1,2,male,0.83,0,2,29.0,S,0,Child,Middle
80,1,3,female,30.0,0,0,12.475,S,0,Adult,Lower
81,0,3,male,22.0,0,0,9.0,S,0,Adult,Lower
82,1,3,male,29.0,0,0,9.5,S,0,Adult,Lower
83,1,3,female,21.5,0,0,7.7875,Q,0,Adult,Lower
84,0,1,male,28.0,0,0,47.1,S,0,Adult,Upper
85,1,2,female,17.0,0,0,10.5,S,0,Teen,Middle
86,1,3,female,33.0,3,0,15.85,S,0,Adult,Lower
87,0,3,male,16.0,1,3,34.375,S,0,Teen,Lower
88,0,3,male,25.0,0,0,8.05,S,0,Adult,Lower
89,1,1,female,23.0,3,2,263.0,S,1,Adult,Upper
90,0,3,male,24.0,0,0,8.05,S,0,Adult,Lower
91,0,3,male,29.0,0,0,8.05,S,0,Adult,Lower
92,0,3,male,20.0,0,0,7.8542,S,0,Teen,Lower
93,0,1,male,46.0,1,0,61.175,S,1,MiddleAge,Upper
94,0,3,male,26.0,1,2,20.575,S,0,Adult,Lower
95,0,3,male,59.0,0,0,7.25,S,0,MiddleAge,Lower
96,0,3,male,25.0,0,0,8.05,S,0,Adult,Lower
97,0,1,male,71.0,0,0,34.6542,C,1,Senior,Upper
98,1,1,male,23.0,0,1,63.3583,C,1,Adult,Upper
99,1,2,female,34.0,0,1,23.0,S,0,Adult,Middle
100,0,2,male,34.0,1,0,26.0,S,0,Adult,Middle
101,0,3,female,28.0,0,0,7.8958,S,0,Adult,Lower
102,0,3,male,25.0,0,0,7.8958,S,0,Adult,Lower
103,0,1,male,21.0,0,1,77.2875,S,1,Adult,Upper
104,0,3,male,33.0,0,0,8.6542,S,0,Adult,Lower
105,0,3,male,37.0,2,0,7.925,S,0,Adult,Lower
106,0,3,male,28.0,0,0,7.8958,S,0,Adult,Lower
107,1,3,female,21.0,0,0,7.65,S,0,Adult,Lower
108,1,3,male,25.0,0,0,7.775,S,0,Adult,Lower
109,0,3,male,38.0,0,0,7.8958,S,0,Adult,Lower
110,1,3,female,21.5,1,0,24.15,Q,0,Adult,Lower
111,0,1,male,47.0,0,0,52.0,S,1,MiddleAge,Upper
112,0,3,female,14.5,1,0,14.4542,C,0,Teen,Lower
113,0,3,male,22.0,0,0,8.05,S,0,Adult,Lower
114,0,3,female,20.0,1,0,9.825,S,0,Teen,Lower
115,0,3,female,17.0,0,0,14.4583,C,0,Teen,Lower
116,0,3,male,21.0,0,0,7.925,S,0,Adult,Lower
117,0,3,male,70.5,0,0,7.75,Q,0,Senior,Lower
118,0,2,male,29.0,1,0,21.0,S,0,Adult,Middle
119,0,1,male,24.0,0,1,247.5208,C,1,Adult,Upper
120,0,3,female,2.0,4,2,31.275,S,0,Child,Lower
121,0,2,male,21.0,2,0,73.5,S,0,Adult,Middle
122,0,3,male,25.0,0,0,8.05,S,0,Adult,Lower
123,0,2,male,32.5,1,0,30.0708,C,0,Adult,Middle
124,1,2,female,32.5,0,0,13.0,S,1,Adult,Middle
125,0,1,male,54.0,0,1,77.2875,S,1,MiddleAge,Upper
126,1,3,male,12.0,1,0,11.2417,C,0,Child,Lower
127,0,3,male,25.0,0,0,7.75,Q,0,Adult,Lower
128,1,3,male,24.0,0,0,7.1417,S,0,Adult,Lower
129,1,3,female,21.5,1,1,22.3583,C,1,Adult,Lower
130,0,3,male,45.0,0,0,6.975,S,0,MiddleAge,Lower
131,0,3,male,33.0,0,0,7.8958,C,0,Adult,Lower
132,0,3,male,20.0,0,0,7.05,S,0,Teen,Lower
133,0,3,female,47.0,1,0,14.5,S,0,MiddleAge,Lower
134,1,2,female,29.0,1,0,26.0,S,0,Adult,Middle
135,0,2,male,25.0,0,0,13.0,S,0,Adult,Middle
136,0,2,male,23.0,0,0,15.0458,C,0,Adult,Middle
137,1,1,female,19.0,0,2,26.2833,S,1,Teen,Upper
138,0,1,male,37.0,1,0,53.1,S,1,Adult,Upper
139,0,3,male,16.0,0,0,9.2167,S,0,Teen,Lower
140,0,1,male,24.0,0,0,79.2,C,1,Adult,Upper
141,0,3,female,21.5,0,2,15.2458,C,0,Adult,Lower
142,1,3,female,22.0,0,0,7.75,S,0,Adult,Lower
143,1,3,female,24.0,1,0,15.85,S,0,Adult,Lower
144,0,3,male,19.0,0,0,6.75,Q,0,Teen,Lower
145,0,2,male,18.0,0,0,11.5,S,0,Teen,Middle
146,0,2,male,19.0,1,1,36.75,S,0,Teen,Middle
147,1,3,male,27.0,0,0,7.7958,S,0,Adult,Lower
148,0,3,female,9.0,2,2,34.375,S,0,Child,Lower
149,0,2,male,36.5,0,2,26.0,S,1,Adult,Middle
150,0,2,male,42.0,0,0,13.0,S,0,MiddleAge,Middle
151,0,2,male,51.0,0,0,12.525,S,0,MiddleAge,Middle
152,1,1,female,22.0,1,0,66.6,S,1,Adult,Upper
153,0,3,male,55.5,0,0,8.05,S,0,MiddleAge,Lower
154,0,3,male,40.5,0,2,14.5,S,0,MiddleAge,Lower
155,0,3,male,25.0,0,0,7.3125,S,0,Adult,Lower
156,0,1,male,51.0,0,1,61.3792,C,0,MiddleAge,Upper
157,1,3,female,16.0,0,0,7.7333,Q,0,Teen,Lower
158,0,3,male,30.0,0,0,8.05,S,0,Adult,Lower
159,0,3,male,25.0,0,0,8.6625,S,0,Adult,Lower
160,0,3,male,25.0,8,2,69.55,S,0,Adult,Lower
161,0,3,male,44.0,0,1,16.1,S,0,MiddleAge,Lower
162,1,2,female,40.0,0,0,15.75,S,0,Adult,Middle
163,0,3,male,26.0,0,0,7.775,S,0,Adult,Lower
164,0,3,male,17.0,0,0,8.6625,S,0,Teen,Lower
165,0,3,male,1.0,4,1,39.6875,S,0,Child,Lower
166,1,3,male,9.0,0,2,20.525,S,0,Child,Lower
167,1,1,female,35.0,0,1,55.0,S,1,Adult,Upper
168,0,3,female,45.0,1,4,27.9,S,0,MiddleAge,Lower
169,0,1,male,40.0,0,0,25.925,S,0,Adult,Upper
170,0,3,male,28.0,0,0,56.4958,S,0,Adult,Lower
171,0,1,male,61.0,0,0,33.5,S,1,Senior,Upper
172,0,3,male,4.0,4,1,29.125,Q,0,Child,Lower
173,1,3,female,1.0,1,1,11.1333,S,0,Child,Lower
174,0,3,male,21.0,0,0,7.925,S,0,Adult,Lower
175,0,1,male,56.0,0,0,30.6958,C,1,MiddleAge,Upper
176,0,3,male,18.0,1,1,7.8542,S,0,Teen,Lower
177,0,3,male,25.0,3,1,25.4667,S,0,Adult,Lower
178,0,1,female,50.0,0,0,28.7125,C,1,MiddleAge,Upper
179,0,2,male,30.0,0,0,13.0,S,0,Adult,Middle
180,0,3,male,36.0,0,0,0.0,S,0,Adult,Lower
181,0,3,female,21.5,8,2,69.55,S,0,Adult,Lower
182,0,2,male,30.0,0,0,15.05,C,0,Adult,Middle
183,0,3,male,9.0,4,2,31.3875,S,0,Child,Lower
184,1,2,male,1.0,2,1,39.0,S,1,Child,Middle
185,1,3,female,4.0,0,2,22.025,S,0,Child,Lower
186,0,1,male,40.0,0,0,50.0,S,1,Adult,Upper
187,1,3,female,21.5,1,0,15.5,Q,0,Adult,Lower
188,1,1,male,45.0,0,0,26.55,S,0,MiddleAge,Upper
189,0,3,male,40.0,1,1,15.5,Q,0,Adult,Lower
190,0,3,male,36.0,0,0,7.8958,S,0,Adult,Lower
191,1,2,female,32.0,0,0,13.0,S,0,Adult,Middle
192,0,2,male,19.0,0,0,13.0,S,0,Teen,Middle
193,1,3,female,19.0,1,0,7.8542,S,0,Teen,Lower
194,1,2,male,3.0,1,1,26.0,S,1,Child,Middle
195,1,1,female,44.0,0,0,27.7208,C,1,MiddleAge,Upper
196,1,1,female,58.0,0,0,146.5208,C,1,MiddleAge,Upper
197,0,3,male,25.0,0,0,7.75,Q,0,Adult,Lower
198,0,3,male,42.0,0,1,8.4042,S,0,MiddleAge,Lower
199,1,3,female,21.5,0,0,7.75,Q,0,Adult,Lower
200,0,2,female,24.0,0,0,13.0,S,0,Adult,Middle
201,0,3,male,28.0,0,0,9.5,S,0,Adult,Lower
202,0,3,male,25.0,8,2,69.55,S,0,Adult,Lower
203,0,3,male,34.0,0,0,6.4958,S,0,Adult,Lower
204,0,3,male,45.5,0,0,7.225,C,0,MiddleAge,Lower
205,1,3,male,18.0,0,0,8.05,S,0,Teen,Lower
206,0,3,female,2.0,0,1,10.4625,S,1,Child,Lower
207,0,3,male,32.0,1,0,15.85,S,0,Adult,Lower
208,1,3,male,26.0,0,0,18.7875,C,0,Adult,Lower
209,1,3,female,16.0,0,0,7.75,Q,0,Teen,Lower
210,1,1,male,40.0,0,0,31.0,C,1,Adult,Upper
211,0,3,male,24.0,0,0,7.05,S,0,Adult,Lower
212,1,2,female,35.0,0,0,21.0,S,0,Adult,Middle
213,0,3,male,22.0,0,0,7.25,S,0,Adult,Lower
214,0,2,male,30.0,0,0,13.0,S,0,Adult,Middle
215,0,3,male,25.0,1,0,7.75,Q,0,Adult,Lower
216,1,1,female,31.0,1,0,113.275,C,1,Adult,Upper
217,1,3,female,27.0,0,0,7.925,S,0,Adult,Lower
218,0,2,male,42.0,1,0,27.0,S,0,MiddleAge,Middle
219,1,1,female,32.0,0,0,76.2917,C,1,Adult,Upper
220,0,2,male,30.0,0,0,10.5,S,0,Adult,Middle
221,1,3,male,16.0,0,0,8.05,S,0,Teen,Lower
222,0,2,male,27.0,0,0,13.0,S,0,Adult,Middle
223,0,3,male,51.0,0,0,8.05,S,0,MiddleAge,Lower
224,0,3,male,25.0,0,0,7.8958,S,0,Adult,Lower
225,1,1,male,38.0,1,0,90.0,S,1,Adult,Upper
226,0,3,male,22.0,0,0,9.35,S,0,Adult,Lower
227,1,2,male,19.0,0,0,10.5,S,0,Teen,Middle
228,0,3,male,20.5,0,0,7.25,S,0,Adult,Lower
229,0,2,male,18.0,0,0,13.0,S,0,Teen,Middle
230,0,3,female,21.5,3,1,25.4667,S,0,Adult,Lower
231,1,1,female,35.0,1,0,83.475,S,1,Adult,Upper
232,0,3,male,29.0,0,0,7.775,S,0,Adult,Lower
233,0,2,male,59.0,0,0,13.5,S,0,MiddleAge,Middle
234,1,3,female,5.0,4,2,31.3875,S,0,Child,Lower
235,0,2,male,24.0,0,0,10.5,S,0,Adult,Middle
236,0,3,female,21.5,0,0,7.55,S,0,Adult,Lower
237,0,2,male,44.0,1,0,26.0,S,0,MiddleAge,Middle
238,1,2,female,8.0,0,2,26.25,S,0,Child,Middle
239,0,2,male,19.0,0,0,10.5,S,0,Teen,Middle
240,0,2,male,33.0,0,0,12.275,S,0,Adult,Middle
241,0,3,female,21.5,1,0,14.4542,C,0,Adult,Lower
242,1,3,female,21.5,1,0,15.5,Q,0,Adult,Lower
243,0,2,male,29.0,0,0,10.5,S,0,Adult,Middle
244,0,3,male,22.0,0,0,7.125,S,0,Adult,Lower
245,0,3,male,30.0,0,0,7.225,C,0,Adult,Lower
246,0,1,male,44.0,2,0,90.0,Q,1,MiddleAge,Upper
247,0,3,female,25.0,0,0,7.775,S,0,Adult,Lower
248,1,2,female,24.0,0,2,14.5,S,0,Adult,Middle
249,1,1,male,37.0,1,1,52.5542,S,1,Adult,Upper
250,0,2,male,54.0,1,0,26.0,S,0,MiddleAge,Middle
251,0,3,male,25.0,0,0,7.25,S,0,Adult,Lower
252,0,3,female,29.0,1,1,10.4625,S,1,Adult,Lower
253,0,1,male,62.0,0,0,26.55,S,1,Senior,Upper
254,0,3,male,30.0,1,0,16.1,S,0,Adult,Lower
255,0,3,female,41.0,0,2,20.2125,S,0,MiddleAge,Lower
256,1,3,female,29.0,0,2,15.2458,C,0,Adult,Lower
257,1,1,female,35.0,0,0,79.2,C,0,Adult,Upper
258,1,1,female,30.0,0,0,86.5,S,1,Adult,Upper
259,1,1,female,35.0,0,0,512.3292,C,0,Adult,Upper
260,1,2,female,50.0,0,1,26.0,S,0,MiddleAge,Middle
261,0,3,male,25.0,0,0,7.75,Q,0,Adult,Lower
262,1,3,male,3.0,4,2,31.3875,S,0,Child,Lower
263,0,1,male,52.0,1,1,79.65,S,1,MiddleAge,Upper
264,0,1,male,40.0,0,0,0.0,S,1,Adult,Upper
265,0,3,female,21.5,0,0,7.75,Q,0,Adult,Lower
266,0,2,male,36.0,0,0,10.5,S,0,Adult,Middle
267,0,3,male,16.0,4,1,39.6875,S,0,Teen,Lower
268,1,3,male,25.0,1,0,7.775,S,0,Adult,Lower
269,1,1,female,58.0,0,1,153.4625,S,1,MiddleAge,Upper
270,1,1,female,35.0,0,0,135.6333,S,1,Adult,Upper
271,0,1,male,40.0,0,0,31.0,S,0,Adult,Upper
272,1,3,male,25.0,0,0,0.0,S,0,Adult,Lower
273,1,2,female,41.0,0,1,19.5,S,0,MiddleAge,Middle
274,0,1,male,37.0,0,1,29.7,C,1,Adult,Upper
275,1,3,female,21.5,0,0,7.75,Q,0,Adult,Lower
276,1,1,female,63.0,1,0,77.9583,S,1,Senior,Upper
277,0,3,female,45.0,0,0,7.75,S,0,MiddleAge,Lower
278,0,2,male,30.0,0,0,0.0,S,0,Adult,Middle
279,0,3,male,7.0,4,1,29.125,Q,0,Child,Lower
280,1,3,female,35.0,1,1,20.25,S,0,Adult,Lower
281,0,3,male,65.0,0,0,7.75,Q,0,Senior,Lower
282,0,3,male,28.0,0,0,7.8542,S,0,Adult,Lower
283,0,3,male,16.0,0,0,9.5,S,0,Teen,Lower
284,1,3,male,19.0,0,0,8.05,S,0,Teen,Lower
285,0,1,male,40.0,0,0,26.0,S,1,Adult,Upper
286,0,3,male,33.0,0,0,8.6625,C,0,Adult,Lower
287,1,3,male,30.0,0,0,9.5,S,0,Adult,Lower
288,0,3,male,22.0,0,0,7.8958,S,0,Adult,Lower
289,1,2,male,42.0,0,0,13.0,S,0,MiddleAge,Middle
290,1,3,female,22.0,0,0,7.75,Q,0,Adult,Lower
291,1,1,female,26.0,0,0,78.85,S,0,Adult,Upper
292,1,1,female,19.0,1,0,91.0792,C,1,Teen,Upper
293,0,2,male,36.0,0,0,12.875,C,1,Adult,Middle
294,0,3,female,24.0,0,0,8.85,S,0,Adult,Lower
295,0,3,male,24.0,0,0,7.8958,S,0,Adult,Lower
296,0,1,male,40.0,0,0,27.7208,C,0,Adult,Upper
297,0,3,male,23.5,0,0,7.2292,C,0,Adult,Lower
298,0,1,female,2.0,1,2,151.55,S,1,Child,Upper
299,1,1,male,40.0,0,0,30.5,S,1,Adult,Upper
300,1,1,female,50.0,0,1,247.5208,C,1,MiddleAge,Upper
301,1,3,female,21.5,0,0,7.75,Q,0,Adult,Lower
302,1,3,male,25.0,2,0,23.25,Q,0,Adult,Lower
303,0,3,male,19.0,0,0,0.0,S,0,Teen,Lower
304,1,2,female,28.0,0,0,12.35,Q,1,Adult,Middle
305,0,3,male,25.0,0,0,8.05,S,0,Adult,Lower
306,1,1,male,0.92,1,2,151.55,S,1,Child,Upper
307,1,1,female,35.0,0,0,110.8833,C,0,Adult,Upper
308,1,1,female,17.0,1,0,108.9,C,1,Teen,Upper
309,0,2,male,30.0,1,0,24.0,C,0,Adult,Middle
310,1,1,female,30.0,0,0,56.9292,C,1,Adult,Upper
311,1,1,female,24.0,0,0,83.1583,C,1,Adult,Upper
312,1,1,female,18.0,2,2,262.375,C,1,Teen,Upper
313,0,2,female,26.0,1,1,26.0,S,0,Adult,Middle
314,0,3,male,28.0,0,0,7.8958,S,0,Adult,Lower
315,0,2,male,43.0,1,1,26.25,S,0,MiddleAge,Middle
316,1,3,female,26.0,0,0,7.8542,S,0,Adult,Lower
317,1,2,female,24.0,1,0,26.0,S,0,Adult,Middle
318,0,2,male,54.0,0,0,14.0,S,0,MiddleAge,Middle
319,1,1,female,31.0,0,2,164.8667,S,1,Adult,Upper
320,1,1,female,40.0,1,1,134.5,C,1,Adult,Upper
321,0,3,male,22.0,0,0,7.25,S,0,Adult,Lower
322,0,3,male,27.0,0,0,7.8958,S,0,Adult,Lower
323,1,2,female,30.0,0,0,12.35,Q,0,Adult,Middle
324,1,2,female,22.0,1,1,29.0,S,0,Adult,Middle
325,0,3,male,25.0,8,2,69.55,S,0,Adult,Lower
326,1,1,female,36.0,0,0,135.6333,C,1,Adult,Upper
327,0,3,male,61.0,0,0,6.2375,S,0,Senior,Lower
328,1,2,female,36.0,0,0,13.0,S,1,Adult,Middle
329,1,3,female,31.0,1,1,20.525,S,0,Adult,Lower
330,1,1,female,16.0,0,1,57.9792,C,1,Teen,Upper
331,1,3,female,21.5,2,0,23.25,Q,0,Adult,Lower
332,0,1,male,45.5,0,0,28.5,S,1,MiddleAge,Upper
333,0,1,male,38.0,0,1,153.4625,S,1,Adult,Upper
334,0,3,male,16.0,2,0,18.0,S,0,Teen,Lower
335,1,1,female,35.0,1,0,133.65,S,0,Adult,Upper
336,0,3,male,25.0,0,0,7.8958,S,0,Adult,Lower
337,0,1,male,29.0,1,0,66.6,S,1,Adult,Upper
338,1,1,female,41.0,0,0,134.5,C,1,MiddleAge,Upper
339,1,3,male,45.0,0,0,8.05,S,0,MiddleAge,Lower
340,0,1,male,45.0,0,0,35.5,S,1,MiddleAge,Upper
341,1,2,male,2.0,1,1,26.0,S,1,Child,Middle
342,1,1,female,24.0,3,2,263.0,S,1,Adult,Upper
343,0,2,male,28.0,0,0,13.0,S,0,Adult,Middle
344,0,2,male,25.0,0,0,13.0,S,0,Adult,Middle
345,0,2,male,36.0,0,0,13.0,S,0,Adult,Middle
346,1,2,female,24.0,0,0,13.0,S,1,Adult,Middle
347,1,2,female,40.0,0,0,13.0,S,0,Adult,Middle
348,1,3,female,21.5,1,0,16.1,S,0,Adult,Lower
349,1,3,male,3.0,1,1,15.9,S,0,Child,Lower
350,0,3,male,42.0,0,0,8.6625,S,0,MiddleAge,Lower
351,0,3,male,23.0,0,0,9.225,S,0,Adult,Lower
352,0,1,male,40.0,0,0,35.0,S,1,Adult,Upper
353,0,3,male,15.0,1,1,7.2292,C,0,Teen,Lower
354,0,3,male,25.0,1,0,17.8,S,0,Adult,Lower
355,0,3,male,25.0,0,0,7.225,C,0,Adult,Lower
356,0,3,male,28.0,0,0,9.5,S,0,Adult,Lower
357,1,1,female,22.0,0,1,55.0,S,1,Adult,Upper
358,0,2,female,38.0,0,0,13.0,S,0,Adult,Middle
359,1,3,female,21.5,0,0,7.8792,Q,0,Adult,Lower
360,1,3,female,21.5,0,0,7.8792,Q,0,Adult,Lower
361,0,3,male,40.0,1,4,27.9,S,0,Adult,Lower
362,0,2,male,29.0,1,0,27.7208,C,0,Adult,Middle
363,0,3,female,45.0,0,1,14.4542,C,0,MiddleAge,Lower
364,0,3,male,35.0,0,0,7.05,S,0,Adult,Lower
365,0,3,male,25.0,1,0,15.5,Q,0,Adult,Lower
366,0,3,male,30.0,0,0,7.25,S,0,Adult,Lower
367,1,1,female,60.0,1,0,75.25,C,1,MiddleAge,Upper
368,1,3,female,21.5,0,0,7.2292,C,0,Adult,Lower
369,1,3,female,21.5,0,0,7.75,Q,0,Adult,Lower
370,1,1,female,24.0,0,0,69.3,C,1,Adult,Upper
371,1,1,male,25.0,1,0,55.4417,C,1,Adult,Upper
372,0,3,male,18.0,1,0,6.4958,S,0,Teen,Lower
373,0,3,male,19.0,0,0,8.05,S,0,Teen,Lower
374,0,1,male,22.0,0,0,135.6333,C,0,Adult,Upper
375,0,3,female,3.0,3,1,21.075,S,0,Child,Lower
376,1,1,female,35.0,1,0,82.1708,C,0,Adult,Upper
377,1,3,female,22.0,0,0,7.25,S,0,Adult,Lower
378,0,1,male,27.0,0,2,211.5,C,1,Adult,Upper
379,0,3,male,20.0,0,0,4.0125,C,0,Teen,Lower
380,0,3,male,19.0,0,0,7.775,S,0,Teen,Lower
381,1,1,female,42.0,0,0,227.525,C,0,MiddleAge,Upper
382,1,3,female,1.0,0,2,15.7417,C,0,Child,Lower
383,0,3,male,32.0,0,0,7.925,S,0,Adult,Lower
384,1,1,female,35.0,1,0,52.0,S,0,Adult,Upper
385,0,3,male,25.0,0,0,7.8958,S,0,Adult,Lower
386,0,2,male,18.0,0,0,73.5,S,0,Teen,Middle
387,0,3,male,1.0,5,2,46.9,S,0,Child,Lower
388,1,2,female,36.0,0,0,13.0,S,0,Adult,Middle
389,0,3,male,25.0,0,0,7.7292,Q,0,Adult,Lower
390,1,2,female,17.0,0,0,12.0,C,0,Teen,Middle
391,1,1,male,36.0,1,2,120.0,S,1,Adult,Upper
392,1,3,male,21.0,0,0,7.7958,S,0,Adult,Lower
393,0,3,male,28.0,2,0,7.925,S,0,Adult,Lower
394,1,1,female,23.0,1,0,113.275,C,1,Adult,Upper
395,1,3,female,24.0,0,2,16.7,S,1,Adult,Lower
396,0,3,male,22.0,0,0,7.7958,S,0,Adult,Lower
397,0,3,female,31.0,0,0,7.8542,S,0,Adult,Lower
398,0,2,male,46.0,0,0,26.0,S,0,MiddleAge,Middle
399,0,2,male,23.0,0,0,10.5,S,0,Adult,Middle
400,1,2,female,28.0,0,0,12.65,S,0,Adult,Middle
401,1,3,male,39.0,0,0,7.925,S,0,Adult,Lower
402,0,3,male,26.0,0,0,8.05,S,0,Adult,Lower
403,0,3,female,21.0,1,0,9.825,S,0,Adult,Lower
404,0,3,male,28.0,1,0,15.85,S,0,Adult,Lower
405,0,3,female,20.0,0,0,8.6625,S,0,Teen,Lower
406,0,2,male,34.0,1,0,21.0,S,0,Adult,Middle
407,0,3,male,51.0,0,0,7.75,S,0,MiddleAge,Lower
408,1,2,male,3.0,1,1,18.75,S,0,Child,Middle
409,0,3,male,21.0,0,0,7.775,S,0,Adult,Lower
410,0,3,female,21.5,3,1,25.4667,S,0,Adult,Lower
411,0,3,male,25.0,0,0,7.8958,S,0,Adult,Lower
412,0,3,male,25.0,0,0,6.8583,Q,0,Adult,Lower
413,1,1,female,33.0,1,0,90.0,Q,1,Adult,Upper
414,0,2,male,30.0,0,0,0.0,S,0,Adult,Middle
415,1,3,male,44.0,0,0,7.925,S,0,MiddleAge,Lower
416,0,3,female,21.5,0,0,8.05,S,0,Adult,Lower
417,1,2,female,34.0,1,1,32.5,S,0,Adult,Middle
418,1,2,female,18.0,0,2,13.0,S,0,Teen,Middle
419,0,2,male,30.0,0,0,13.0,S,0,Adult,Middle
420,0,3,female,10.0,0,2,24.15,S,0,Child,Lower
421,0,3,male,25.0,0,0,7.8958,C,0,Adult,Lower
422,0,3,male,21.0,0,0,7.7333,Q,0,Adult,Lower
423,0,3,male,29.0,0,0,7.875,S,0,Adult,Lower
424,0,3,female,28.0,1,1,14.4,S,0,Adult,Lower
425,0,3,male,18.0,1,1,20.2125,S,0,Teen,Lower
426,0,3,male,25.0,0,0,7.25,S,0,Adult,Lower
427,1,2,female,28.0,1,0,26.0,S,0,Adult,Middle
428,1,2,female,19.0,0,0,26.0,S,0,Teen,Middle
429,0,3,male,25.0,0,0,7.75,Q,0,Adult,Lower
430,1,3,male,32.0,0,0,8.05,S,1,Adult,Lower
431,1,1,male,28.0,0,0,26.55,S,1,Adult,Upper
432,1,3,female,21.5,1,0,16.1,S,0,Adult,Lower
433,1,2,female,42.0,1,0,26.0,S,0,MiddleAge,Middle
434,0,3,male,17.0,0,0,7.125,S,0,Teen,Lower
435,0,1,male,50.0,1,0,55.9,S,1,MiddleAge,Upper
436,1,1,female,14.0,1,2,120.0,S,1,Teen,Upper
437,0,3,female,21.0,2,2,34.375,S,0,Adult,Lower
438,1,2,female,24.0,2,3,18.75,S,0,Adult,Middle
439,0,1,male,64.0,1,4,263.0,S,1,Senior,Upper
440,0,2,male,31.0,0,0,10.5,S,0,Adult,Middle
441,1,2,female,45.0,1,1,26.25,S,0,MiddleAge,Middle
442,0,3,male,20.0,0,0,9.5,S,0,Teen,Lower
443,0,3,male,25.0,1,0,7.775,S,0,Adult,Lower
444,1,2,female,28.0,0,0,13.0,S,0,Adult,Middle
445,1,3,male,25.0,0,0,8.1125,S,0,Adult,Lower
446,1,1,male,4.0,0,2,81.8583,S,1,Child,Upper
447,1,2,female,13.0,0,1,19.5,S,0,Teen,Middle
448,1,1,male,34.0,0,0,26.55,S,0,Adult,Upper
449,1,3,female,5.0,2,1,19.2583,C,0,Child,Lower
450,1,1,male,52.0,0,0,30.5,S,1,MiddleAge,Upper
451,0,2,male,36.0,1,2,27.75,S,0,Adult,Middle
452,0,3,male,25.0,1,0,19.9667,S,0,Adult,Lower
453,0,1,male,30.0,0,0,27.75,C,1,Adult,Upper
454,1,1,male,49.0,1,0,89.1042,C,1,MiddleAge,Upper
455,0,3,male,25.0,0,0,8.05,S,0,Adult,Lower
456,1,3,male,29.0,0,0,7.8958,C,0,Adult,Lower
457,0,1,male,65.0,0,0,26.55,S,1,Senior,Upper
458,1,1,female,35.0,1,0,51.8625,S,1,Adult,Upper
459,1,2,female,50.0,0,0,10.5,S,0,MiddleAge,Middle
460,0,3,male,25.0,0,0,7.75,Q,0,Adult,Lower
461,1,1,male,48.0,0,0,26.55,S,1,MiddleAge,Upper
462,0,3,male,34.0,0,0,8.05,S,0,Adult,Lower
463,0,1,male,47.0,0,0,38.5,S,1,MiddleAge,Upper
464,0,2,male,48.0,0,0,13.0,S,0,MiddleAge,Middle
465,0,3,male,25.0,0,0,8.05,S,0,Adult,Lower
466,0,3,male,38.0,0,0,7.05,S,0,Adult,Lower
467,0,2,male,30.0,0,0,0.0,S,0,Adult,Middle
468,0,1,male,56.0,0,0,26.55,S,0,MiddleAge,Upper
469,0,3,male,25.0,0,0,7.725,Q,0,Adult,Lower
470,1,3,female,0.75,2,1,19.2583,C,0,Child,Lower
471,0,3,male,25.0,0,0,7.25,S,0,Adult,Lower
472,0,3,male,38.0,0,0,8.6625,S,0,Adult,Lower
473,1,2,female,33.0,1,2,27.75,S,0,Adult,Middle
474,1,2,female,23.0,0,0,13.7917,C,1,Adult,Middle
475,0,3,female,22.0,0,0,9.8375,S,0,Adult,Lower
476,0,1,male,40.0,0,0,52.0,S,1,Adult,Upper
477,0,2,male,34.0,1,0,21.0,S,0,Adult,Middle
478,0,3,male,29.0,1,0,7.0458,S,0,Adult,Lower
479,0,3,male,22.0,0,0,7.5208,S,0,Adult,Lower
480,1,3,female,2.0,0,1,12.2875,S,0,Child,Lower
481,0,3,male,9.0,5,2,46.9,S,0,Child,Lower
482,0,2,male,30.0,0,0,0.0,S,0,Adult,Middle
483,0,3,male,50.0,0,0,8.05,S,0,MiddleAge,Lower
484,1,3,female,63.0,0,0,9.5875,S,0,Senior,Lower
485,1,1,male,25.0,1,0,91.0792,C,1,Adult,Upper
486,0,3,female,21.5,3,1,25.4667,S,0,Adult,Lower
487,1,1,female,35.0,1,0,90.0,S,1,Adult,Upper
488,0,1,male,58.0,0,0,29.7,C,1,MiddleAge,Upper
489,0,3,male,30.0,0,0,8.05,S,0,Adult,Lower
490,1,3,male,9.0,1,1,15.9,S,0,Child,Lower
491,0,3,male,25.0,1,0,19.9667,S,0,Adult,Lower
492,0,3,male,21.0,0,0,7.25,S,0,Adult,Lower
493,0,1,male,55.0,0,0,30.5,S,1,MiddleAge,Upper
494,0,1,male,71.0,0,0,49.5042,C,0,Senior,Upper
495,0,3,male,21.0,0,0,8.05,S,0,Adult,Lower
496,0,3,male,25.0,0,0,14.4583,C,0,Adult,Lower
497,1,1,female,54.0,1,0,78.2667,C,1,MiddleAge,Upper
498,0,3,male,25.0,0,0,15.1,S,0,Adult,Lower
499,0,1,female,25.0,1,2,151.55,S,1,Adult,Upper
500,0,3,male,24.0,0,0,7.7958,S,0,Adult,Lower
501,0,3,male,17.0,0,0,8.6625,S,0,Teen,Lower
502,0,3,female,21.0,0,0,7.75,Q,0,Adult,Lower
503,0,3,female,21.5,0,0,7.6292,Q,0,Adult,Lower
504,0,3,female,37.0,0,0,9.5875,S,0,Adult,Lower
505,1,1,female,16.0,0,0,86.5,S,1,Teen,Upper
506,0,1,male,18.0,1,0,108.9,C,1,Teen,Upper
507,1,2,female,33.0,0,2,26.0,S,0,Adult,Middle
508,1,1,male,40.0,0,0,26.55,S,0,Adult,Upper
509,0,3,male,28.0,0,0,22.525,S,0,Adult,Lower
510,1,3,male,26.0,0,0,56.4958,S,0,Adult,Lower
511,1,3,male,29.0,0,0,7.75,Q,0,Adult,Lower
512,0,3,male,25.0,0,0,8.05,S,0,Adult,Lower
513,1,1,male,36.0,0,0,26.2875,S,1,Adult,Upper
514,1,1,female,54.0,1,0,59.4,C,0,MiddleAge,Upper
515,0,3,male,24.0,0,0,7.4958,S,0,Adult,Lower
516,0,1,male,47.0,0,0,34.0208,S,1,MiddleAge,Upper
517,1,2,female,34.0,0,0,10.5,S,1,Adult,Middle
518,0,3,male,25.0,0,0,24.15,Q,0,Adult,Lower
519,1,2,female,36.0,1,0,26.0,S,0,Adult,Middle
520,0,3,male,32.0,0,0,7.8958,S,0,Adult,Lower
521,1,1,female,30.0,0,0,93.5,S,1,Adult,Upper
522,0,3,male,22.0,0,0,7.8958,S,0,Adult,Lower
523,0,3,male,25.0,0,0,7.225,C,0,Adult,Lower
524,1,1,female,44.0,0,1,57.9792,C,1,MiddleAge,Upper
525,0,3,male,25.0,0,0,7.2292,C,0,Adult,Lower
526,0,3,male,40.5,0,0,7.75,Q,0,MiddleAge,Lower
527,1,2,female,50.0,0,0,10.5,S,0,MiddleAge,Middle
528,0,1,male,40.0,0,0,221.7792,S,1,Adult,Upper
529,0,3,male,39.0,0,0,7.925,S,0,Adult,Lower
530,0,2,male,23.0,2,1,11.5,S,0,Adult,Middle
531,1,2,female,2.0,1,1,26.0,S,0,Child,Middle
532,0,3,male,25.0,0,0,7.2292,C,0,Adult,Lower
533,0,3,male,17.0,1,1,7.2292,C,0,Teen,Lower
534,1,3,female,21.5,0,2,22.3583,C,0,Adult,Lower
535,0,3,female,30.0,0,0,8.6625,S,0,Adult,Lower
536,1,2,female,7.0,0,2,26.25,S,0,Child,Middle
537,0,1,male,45.0,0,0,26.55,S,1,MiddleAge,Upper
538,1,1,female,30.0,0,0,106.425,C,0,Adult,Upper
539,0,3,male,25.0,0,0,14.5,S,0,Adult,Lower
540,1,1,female,22.0,0,2,49.5,C,1,Adult,Upper
541,1,1,female,36.0,0,2,71.0,S,1,Adult,Upper
542,0,3,female,9.0,4,2,31.275,S,0,Child,Lower
543,0,3,female,11.0,4,2,31.275,S,0,Child,Lower
544,1,2,male,32.0,1,0,26.0,S,0,Adult,Middle
545,0,1,male,50.0,1,0,106.425,C,1,MiddleAge,Upper
546,0,1,male,64.0,0,0,26.0,S,0,Senior,Upper
547,1,2,female,19.0,1,0,26.0,S,0,Teen,Middle
548,1,2,male,30.0,0,0,13.8625,C,0,Adult,Middle
549,0,3,male,33.0,1,1,20.525,S,0,Adult,Lower
550,1,2,male,8.0,1,1,36.75,S,0,Child,Middle
551,1,1,male,17.0,0,2,110.8833,C,1,Teen,Upper
552,0,2,male,27.0,0,0,26.0,S,0,Adult,Middle
553,0,3,male,25.0,0,0,7.8292,Q,0,Adult,Lower
554,1,3,male,22.0,0,0,7.225,C,0,Adult,Lower
555,1,3,female,22.0,0,0,7.775,S,0,Adult,Lower
556,0,1,male,62.0,0,0,26.55,S,0,Senior,Upper
557,1,1,female,48.0,1,0,39.6,C,1,MiddleAge,Upper
558,0,1,male,40.0,0,0,227.525,C,0,Adult,Upper
559,1,1,female,39.0,1,1,79.65,S,1,Adult,Upper
560,1,3,female,36.0,1,0,17.4,S,0,Adult,Lower
561,0,3,male,25.0,0,0,7.75,Q,0,Adult,Lower
562,0,3,male,40.0,0,0,7.8958,S,0,Adult,Lower
563,0,2,male,28.0,0,0,13.5,S,0,Adult,Middle
564,0,3,male,25.0,0,0,8.05,S,0,Adult,Lower
565,0,3,female,21.5,0,0,8.05,S,0,Adult,Lower
566,0,3,male,24.0,2,0,24.15,S,0,Adult,Lower
567,0,3,male,19.0,0,0,7.8958,S,0,Teen,Lower
568,0,3,female,29.0,0,4,21.075,S,0,Adult,Lower
569,0,3,male,25.0,0,0,7.2292,C,0,Adult,Lower
570,1,3,male,32.0,0,0,7.8542,S,0,Adult,Lower
571,1,2,male,62.0,0,0,10.5,S,0,Senior,Middle
572,1,1,female,53.0,2,0,51.4792,S,1,MiddleAge,Upper
573,1,1,male,36.0,0,0,26.3875,S,1,Adult,Upper
574,1,3,female,21.5,0,0,7.75,Q,0,Adult,Lower
575,0,3,male,16.0,0,0,8.05,S,0,Teen,Lower
576,0,3,male,19.0,0,0,14.5,S,0,Teen,Lower
577,1,2,female,34.0,0,0,13.0,S,0,Adult,Middle
578,1,1,female,39.0,1,0,55.9,S,1,Adult,Upper
579,0,3,female,21.5,1,0,14.4583,C,0,Adult,Lower
580,1,3,male,32.0,0,0,7.925,S,0,Adult,Lower
581,1,2,female,25.0,1,1,30.0,S,0,Adult,Middle
582,1,1,female,39.0,1,1,110.8833,C,1,Adult,Upper
583,0,2,male,54.0,0,0,26.0,S,0,MiddleAge,Middle
584,0,1,male,36.0,0,0,40.125,C,1,Adult,Upper
585,0,3,male,25.0,0,0,8.7125,C,0,Adult,Lower
586,1,1,female,18.0,0,2,79.65,S,1,Teen,Upper
587,0,2,male,47.0,0,0,15.0,S,0,MiddleAge,Middle
588,1,1,male,60.0,1,1,79.2,C,1,MiddleAge,Upper
589,0,3,male,22.0,0,0,8.05,S,0,Adult,Lower
590,0,3,male,25.0,0,0,8.05,S,0,Adult,Lower
591,0,3,male,35.0,0,0,7.125,S,0,Adult,Lower
592,1,1,female,52.0,1,0,78.2667,C,1,MiddleAge,Upper
593,0,3,male,47.0,0,0,7.25,S,0,MiddleAge,Lower
594,0,3,female,21.5,0,2,7.75,Q,0,Adult,Lower
595,0,2,male,37.0,1,0,26.0,S,0,Adult,Middle
596,0,3,male,36.0,1,1,24.15,S,0,Adult,Lower
597,1,2,female,28.0,0,0,33.0,S,0,Adult,Middle
598,0,3,male,49.0,0,0,0.0,S,0,MiddleAge,Lower
599,0,3,male,25.0,0,0,7.225,C,0,Adult,Lower
600,1,1,male,49.0,1,0,56.9292,C,1,MiddleAge,Upper
601,1,2,female,24.0,2,1,27.0,S,0,Adult,Middle
602,0,3,male,25.0,0,0,7.8958,S,0,Adult,Lower
603,0,1,male,40.0,0,0,42.4,S,0,Adult,Upper
604,0,3,male,44.0,0,0,8.05,S,0,MiddleAge,Lower
605,1,1,male,35.0,0,0,26.55,C,0,Adult,Upper
606,0,3,male,36.0,1,0,15.55,S,0,Adult,Lower
607,0,3,male,30.0,0,0,7.8958,S,0,Adult,Lower
608,1,1,male,27.0,0,0,30.5,S,0,Adult,Upper
609,1,2,female,22.0,1,2,41.5792,C,0,Adult,Middle
610,1,1,female,40.0,0,0,153.4625,S,1,Adult,Upper
611,0,3,female,39.0,1,5,31.275,S,0,Adult,Lower
612,0,3,male,25.0,0,0,7.05,S,0,Adult,Lower
613,1,3,female,21.5,1,0,15.5,Q,0,Adult,Lower
614,0,3,male,25.0,0,0,7.75,Q,0,Adult,Lower
615,0,3,male,35.0,0,0,8.05,S,0,Adult,Lower
616,1,2,female,24.0,1,2,65.0,S,0,Adult,Middle
617,0,3,male,34.0,1,1,14.4,S,0,Adult,Lower
618,0,3,female,26.0,1,0,16.1,S,0,Adult,Lower
619,1,2,female,4.0,2,1,39.0,S,1,Child,Middle
620,0,2,male,26.0,0,0,10.5,S,0,Adult,Middle
621,0,3,male,27.0,1,0,14.4542,C,0,Adult,Lower
622,1,1,male,42.0,1,0,52.5542,S,1,MiddleAge,Upper
623,1,3,male,20.0,1,1,15.7417,C,0,Teen,Lower
624,0,3,male,21.0,0,0,7.8542,S,0,Adult,Lower
625,0,3,male,21.0,0,0,16.1,S,0,Adult,Lower
626,0,1,male,61.0,0,0,32.3208,S,1,Senior,Upper
627,0,2,male,57.0,0,0,12.35,Q,0,MiddleAge,Middle
628,1,1,female,21.0,0,0,77.9583,S,1,Adult,Upper
629,0,3,male,26.0,0,0,7.8958,S,0,Adult,Lower
630,0,3,male,25.0,0,0,7.7333,Q,0,Adult,Lower
631,1,1,male,80.0,0,0,30.0,S,1,Senior,Upper
632,0,3,male,51.0,0,0,7.0542,S,0,MiddleAge,Lower
633,1,1,male,32.0,0,0,30.5,C,1,Adult,Upper
634,0,1,male,40.0,0,0,0.0,S,0,Adult,Upper
635,0,3,female,9.0,3,2,27.9,S,0,Child,Lower
636,1,2,female,28.0,0,0,13.0,S,0,Adult,Middle
637,0,3,male,32.0,0,0,7.925,S,0,Adult,Lower
638,0,2,male,31.0,1,1,26.25,S,0,Adult,Middle
639,0,3,female,41.0,0,5,39.6875,S,0,MiddleAge,Lower
640,0,3,male,25.0,1,0,16.1,S,0,Adult,Lower
641,0,3,male,20.0,0,0,7.8542,S,0,Teen,Lower
642,1,1,female,24.0,0,0,69.3,C,1,Adult,Upper
643,0,3,female,2.0,3,2,27.9,S,0,Child,Lower
644,1,3,male,25.0,0,0,56.4958,S,0,Adult,Lower
645,1,3,female,0.75,2,1,19.2583,C,0,Child,Lower
646,1,1,male,48.0,1,0,76.7292,C,1,MiddleAge,Upper
647,0,3,male,19.0,0,0,7.8958,S,0,Teen,Lower
648,1,1,male,56.0,0,0,35.5,C,1,MiddleAge,Upper
649,0,3,male,25.0,0,0,7.55,S,0,Adult,Lower
650,1,3,female,23.0,0,0,7.55,S,0,Adult,Lower
651,0,3,male,25.0,0,0,7.8958,S,0,Adult,Lower
652,1,2,female,18.0,0,1,23.0,S,0,Teen,Middle
653,0,3,male,21.0,0,0,8.4333,S,0,Adult,Lower
654,1,3,female,21.5,0,0,7.8292,Q,0,Adult,Lower
655,0,3,female,18.0,0,0,6.75,Q,0,Teen,Lower
656,0,2,male,24.0,2,0,73.5,S,0,Adult,Middle
657,0,3,male,25.0,0,0,7.8958,S,0,Adult,Lower
658,0,3,female,32.0,1,1,15.5,Q,0,Adult,Lower
659,0,2,male,23.0,0,0,13.0,S,0,Adult,Middle
660,0,1,male,58.0,0,2,113.275,C,1,MiddleAge,Upper
661,1,1,male,50.0,2,0,133.65,S,0,MiddleAge,Upper
662,0,3,male,40.0,0,0,7.225,C,0,Adult,Lower
663,0,1,male,47.0,0,0,25.5875,S,1,MiddleAge,Upper
664,0,3,male,36.0,0,0,7.4958,S,0,Adult,Lower
665,1,3,male,20.0,1,0,7.925,S,0,Teen,Lower
666,0,2,male,32.0,2,0,73.5,S,0,Adult,Middle
667,0,2,male,25.0,0,0,13.0,S,0,Adult,Middle
668,0,3,male,25.0,0,0,7.775,S,0,Adult,Lower
669,0,3,male,43.0,0,0,8.05,S,0,MiddleAge,Lower
670,1,1,female,35.0,1,0,52.0,S,1,Adult,Upper
671,1,2,female,40.0,1,1,39.0,S,0,Adult,Middle
672,0,1,male,31.0,1,0,52.0,S,1,Adult,Upper
673,0,2,male,70.0,0,0,10.5,S,0,Senior,Middle
674,1,2,male,31.0,0,0,13.0,S,0,Adult,Middle
675,0,2,male,30.0,0,0,0.0,S,0,Adult,Middle
676,0,3,male,18.0,0,0,7.775,S,0,Teen,Lower
677,0,3,male,24.5,0,0,8.05,S,0,Adult,Lower
678,1,3,female,18.0,0,0,9.8417,S,0,Teen,Lower
679,0,3,female,43.0,1,6,46.9,S,0,MiddleAge,Lower
680,1,1,male,36.0,0,1,512.3292,C,1,Adult,Upper
681,0,3,female,21.5,0,0,8.1375,Q,0,Adult,Lower
682,1,1,male,27.0,0,0,76.7292,C,1,Adult,Upper
683,0,3,male,20.0,0,0,9.225,S,0,Teen,Lower
684,0,3,male,14.0,5,2,46.9,S,0,Teen,Lower
685,0,2,male,60.0,1,1,39.0,S,0,MiddleAge,Middle
686,0,2,male,25.0,1,2,41.5792,C,0,Adult,Middle
687,0,3,male,14.0,4,1,39.6875,S,0,Teen,Lower
688,0,3,male,19.0,0,0,10.1708,S,0,Teen,Lower
689,0,3,male,18.0,0,0,7.7958,S,0,Teen,Lower
690,1,1,female,15.0,0,1,211.3375,S,1,Teen,Upper
691,1,1,male,31.0,1,0,57.0,S,1,Adult,Upper
692,1,3,female,4.0,0,1,13.4167,C,0,Child,Lower
693,1,3,male,25.0,0,0,56.4958,S,0,Adult,Lower
694,0,3,male,25.0,0,0,7.225,C,0,Adult,Lower
695,0,1,male,60.0,0,0,26.55,S,0,MiddleAge,Upper
696,0,2,male,52.0,0,0,13.5,S,0,MiddleAge,Middle
697,0,3,male,44.0,0,0,8.05,S,0,MiddleAge,Lower
698,1,3,female,21.5,0,0,7.7333,Q,0,Adult,Lower
699,0,1,male,49.0,1,1,110.8833,C,1,MiddleAge,Upper
700,0,3,male,42.0,0,0,7.65,S,1,MiddleAge,Lower
701,1,1,female,18.0,1,0,227.525,C,1,Teen,Upper
702,1,1,male,35.0,0,0,26.2875,S,1,Adult,Upper
703,0,3,female,18.0,0,1,14.4542,C,0,Teen,Lower
704,0,3,male,25.0,0,0,7.7417,Q,0,Adult,Lower
705,0,3,male,26.0,1,0,7.8542,S,0,Adult,Lower
706,0,2,male,39.0,0,0,26.0,S,0,Adult,Middle
707,1,2,female,45.0,0,0,13.5,S,0,MiddleAge,Middle
708,1,1,male,42.0,0,0,26.2875,S,1,MiddleAge,Upper
709,1,1,female,22.0,0,0,151.55,S,0,Adult,Upper
710,1,3,male,25.0,1,1,15.2458,C,0,Adult,Lower
711,1,1,female,24.0,0,0,49.5042,C,1,Adult,Upper
712,0,1,male,40.0,0,0,26.55,S,1,Adult,Upper
713,1,1,male,48.0,1,0,52.0,S,1,MiddleAge,Upper
714,0,3,male,29.0,0,0,9.4833,S,0,Adult,Lower
715,0,2,male,52.0,0,0,13.0,S,0,MiddleAge,Middle
716,0,3,male,19.0,0,0,7.65,S,1,Teen,Lower
717,1,1,female,38.0,0,0,227.525,C,1,Adult,Upper
718,1,2,female,27.0,0,0,10.5,S,1,Adult,Middle
719,0,3,male,25.0,0,0,15.5,Q,0,Adult,Lower
720,0,3,male,33.0,0,0,7.775,S,0,Adult,Lower
721,1,2,female,6.0,0,1,33.0,S,0,Child,Middle
722,0,3,male,17.0,1,0,7.0542,S,0,Teen,Lower
723,0,2,male,34.0,0,0,13.0,S,0,Adult,Middle
724,0,2,male,50.0,0,0,13.0,S,0,MiddleAge,Middle
725,1,1,male,27.0,1,0,53.1,S,1,Adult,Upper
726,0,3,male,20.0,0,0,8.6625,S,0,Teen,Lower
727,1,2,female,30.0,3,0,21.0,S,0,Adult,Middle
728,1,3,female,21.5,0,0,7.7375,Q,0,Adult,Lower
729,0,2,male,25.0,1,0,26.0,S,0,Adult,Middle
730,0,3,female,25.0,1,0,7.925,S,0,Adult,Lower
731,1,1,female,29.0,0,0,211.3375,S,1,Adult,Upper
732,0,3,male,11.0,0,0,18.7875,C,0,Child,Lower
733,0,2,male,30.0,0,0,0.0,S,0,Adult,Middle
734,0,2,male,23.0,0,0,13.0,S,0,Adult,Middle
735,0,2,male,23.0,0,0,13.0,S,0,Adult,Middle
736,0,3,male,28.5,0,0,16.1,S,0,Adult,Lower
737,0,3,female,48.0,1,3,34.375,S,0,MiddleAge,Lower
738,1,1,male,35.0,0,0,512.3292,C,1,Adult,Upper
739,0,3,male,25.0,0,0,7.8958,S,0,Adult,Lower
740,0,3,male,25.0,0,0,7.8958,S,0,Adult,Lower
741,1,1,male,40.0,0,0,30.0,S,1,Adult,Upper
742,0,1,male,36.0,1,0,78.85,S,1,Adult,Upper
743,1,1,female,21.0,2,2,262.375,C,1,Adult,Upper
744,0,3,male,24.0,1,0,16.1,S,0,Adult,Lower
745,1,3,male,31.0,0,0,7.925,S,0,Adult,Lower
746,0,1,male,70.0,1,1,71.0,S,1,Senior,Upper
747,0,3,male,16.0,1,1,20.25,S,0,Teen,Lower
748,1,2,female,30.0,0,0,13.0,S,0,Adult,Middle
749,0,1,male,19.0,1,0,53.1,S,1,Teen,Upper
750,0,3,male,31.0,0,0,7.75,Q,0,Adult,Lower
751,1,2,female,4.0,1,1,23.0,S,0,Child,Middle
752,1,3,male,6.0,0,1,12.475,S,1,Child,Lower
753,0,3,male,33.0,0,0,9.5,S,0,Adult,Lower
754,0,3,male,23.0,0,0,7.8958,S,0,Adult,Lower
755,1,2,female,48.0,1,2,65.0,S,0,MiddleAge,Middle
756,1,2,male,0.67,1,1,14.5,S,0,Child,Middle
757,0,3,male,28.0,0,0,7.7958,S,0,Adult,Lower
758,0,2,male,18.0,0,0,11.5,S,0,Teen,Middle
759,0,3,male,34.0,0,0,8.05,S,0,Adult,Lower
760,1,1,female,33.0,0,0,86.5,S,1,Adult,Upper
761,0,3,male,25.0,0,0,14.5,S,0,Adult,Lower
762,0,3,male,41.0,0,0,7.125,S,0,MiddleAge,Lower
763,1,3,male,20.0,0,0,7.2292,C,0,Teen,Lower
764,1,1,female,36.0,1,2,120.0,S,1,Adult,Upper
765,0,3,male,16.0,0,0,7.775,S,0,Teen,Lower
766,1,1,female,51.0,1,0,77.9583,S,1,MiddleAge,Upper
767,0,1,male,40.0,0,0,39.6,C,0,Adult,Upper
768,0,3,female,30.5,0,0,7.75,Q,0,Adult,Lower
769,0,3,male,25.0,1,0,24.15,Q,0,Adult,Lower
770,0,3,male,32.0,0,0,8.3625,S,0,Adult,Lower
771,0,3,male,24.0,0,0,9.5,S,0,Adult,Lower
772,0,3,male,48.0,0,0,7.8542,S,0,MiddleAge,Lower
773,0,2,female,57.0,0,0,10.5,S,1,MiddleAge,Middle
774,0,3,male,25.0,0,0,7.225,C,0,Adult,Lower
775,1,2,female,54.0,1,3,23.0,S,0,MiddleAge,Middle
776,0,3,male,18.0,0,0,7.75,S,0,Teen,Lower
777,0,3,male,25.0,0,0,7.75,Q,1,Adult,Lower
778,1,3,female,5.0,0,0,12.475,S,0,Child,Lower
779,0,3,male,25.0,0,0,7.7375,Q,0,Adult,Lower
780,1,1,female,43.0,0,1,211.3375,S,1,MiddleAge,Upper
781,1,3,female,13.0,0,0,7.2292,C,0,Teen,Lower
782,1,1,female,17.0,1,0,57.0,S,1,Teen,Upper
783,0,1,male,29.0,0,0,30.0,S,1,Adult,Upper
784,0,3,male,25.0,1,2,23.45,S,0,Adult,Lower
785,0,3,male,25.0,0,0,7.05,S,0,Adult,Lower
786,0,3,male,25.0,0,0,7.25,S,0,Adult,Lower
787,1,3,female,18.0,0,0,7.4958,S,0,Teen,Lower
788,0,3,male,8.0,4,1,29.125,Q,0,Child,Lower
789,1,3,male,1.0,1,2,20.575,S,0,Child,Lower
790,0,1,male,46.0,0,0,79.2,C,1,MiddleAge,Upper
791,0,3,male,25.0,0,0,7.75,Q,0,Adult,Lower
792,0,2,male,16.0,0,0,26.0,S,0,Teen,Middle
793,0,3,female,21.5,8,2,69.55,S,0,Adult,Lower
794,0,1,male,40.0,0,0,30.6958,C,0,Adult,Upper
795,0,3,male,25.0,0,0,7.8958,S,0,Adult,Lower
796,0,2,male,39.0,0,0,13.0,S,0,Adult,Middle
797,1,1,female,49.0,0,0,25.9292,S,1,MiddleAge,Upper
798,1,3,female,31.0,0,0,8.6833,S,0,Adult,Lower
799,0,3,male,30.0,0,0,7.2292,C,0,Adult,Lower
800,0,3,female,30.0,1,1,24.15,S,0,Adult,Lower
801,0,2,male,34.0,0,0,13.0,S,0,Adult,Middle
802,1,2,female,31.0,1,1,26.25,S,0,Adult,Middle
803,1,1,male,11.0,1,2,120.0,S,1,Child,Upper
804,1,3,male,0.42,0,1,8.5167,C,0,Child,Lower
805,1,3,male,27.0,0,0,6.975,S,0,Adult,Lower
806,0,3,male,31.0,0,0,7.775,S,0,Adult,Lower
807,0,1,male,39.0,0,0,0.0,S,1,Adult,Upper
808,0,3,female,18.0,0,0,7.775,S,0,Teen,Lower
809,0,2,male,39.0,0,0,13.0,S,0,Adult,Middle
810,1,1,female,33.0,1,0,53.1,S,1,Adult,Upper
811,0,3,male,26.0,0,0,7.8875,S,0,Adult,Lower
812,0,3,male,39.0,0,0,24.15,S,0,Adult,Lower
813,0,2,male,35.0,0,0,10.5,S,0,Adult,Middle
814,0,3,female,6.0,4,2,31.275,S,0,Child,Lower
815,0,3,male,30.5,0,0,8.05,S,0,Adult,Lower
816,0,1,male,40.0,0,0,0.0,S,1,Adult,Upper
817,0,3,female,23.0,0,0,7.925,S,0,Adult,Lower
818,0,2,male,31.0,1,1,37.0042,C,0,Adult,Middle
819,0,3,male,43.0,0,0,6.45,S,0,MiddleAge,Lower
820,0,3,male,10.0,3,2,27.9,S,0,Child,Lower
821,1,1,female,52.0,1,1,93.5,S,1,MiddleAge,Upper
822,1,3,male,27.0,0,0,8.6625,S,0,Adult,Lower
823,0,1,male,38.0,0,0,0.0,S,0,Adult,Upper
824,1,3,female,27.0,0,1,12.475,S,1,Adult,Lower
825,0,3,male,2.0,4,1,39.6875,S,0,Child,Lower
826,0,3,male,25.0,0,0,6.95,Q,0,Adult,Lower
827,0,3,male,25.0,0,0,56.4958,S,0,Adult,Lower
828,1,2,male,1.0,0,2,37.0042,C,0,Child,Middle
829,1,3,male,25.0,0,0,7.75,Q,0,Adult,Lower
830,1,1,female,62.0,0,0,80.0,S,1,Senior,Upper
831,1,3,female,15.0,1,0,14.4542,C,0,Teen,Lower
832,1,2,male,0.83,1,1,18.75,S,0,Child,Middle
833,0,3,male,25.0,0,0,7.2292,C,0,Adult,Lower
834,0,3,male,23.0,0,0,7.8542,S,0,Adult,Lower
835,0,3,male,18.0,0,0,8.3,S,0,Teen,Lower
836,1,1,female,39.0,1,1,83.1583,C,1,Adult,Upper
837,0,3,male,21.0,0,0,8.6625,S,0,Adult,Lower
838,0,3,male,25.0,0,0,8.05,S,0,Adult,Lower
839,1,3,male,32.0,0,0,56.4958,S,0,Adult,Lower
840,1,1,male,40.0,0,0,29.7,C,1,Adult,Upper
841,0,3,male,20.0,0,0,7.925,S,0,Teen,Lower
842,0,2,male,16.0,0,0,10.5,S,0,Teen,Middle
843,1,1,female,30.0,0,0,31.0,C,0,Adult,Upper
844,0,3,male,34.5,0,0,6.4375,C,0,Adult,Lower
845,0,3,male,17.0,0,0,8.6625,S,0,Teen,Lower
846,0,3,male,42.0,0,0,7.55,S,0,MiddleAge,Lower
847,0,3,male,25.0,8,2,69.55,S,0,Adult,Lower
848,0,3,male,35.0,0,0,7.8958,C,0,Adult,Lower
849,0,2,male,28.0,0,1,33.0,S,0,Adult,Middle
850,1,1,female,35.0,1,0,89.1042,C,1,Adult,Upper
851,0,3,male,4.0,4,2,31.275,S,0,Child,Lower
852,0,3,male,74.0,0,0,7.775,S,0,Senior,Lower
853,0,3,female,9.0,1,1,15.2458,C,0,Child,Lower
854,1,1,female,16.0,0,1,39.4,S,1,Teen,Upper
855,0,2,female,44.0,1,0,26.0,S,0,MiddleAge,Middle
856,1,3,female,18.0,0,1,9.35,S,0,Teen,Lower
857,1,1,female,45.0,1,1,164.8667,S,0,MiddleAge,Upper
858,1,1,male,51.0,0,0,26.55,S,1,MiddleAge,Upper
859,1,3,female,24.0,0,3,19.2583,C,0,Adult,Lower
860,0,3,male,25.0,0,0,7.2292,C,0,Adult,Lower
861,0,3,male,41.0,2,0,14.1083,S,0,MiddleAge,Lower
862,0,2,male,21.0,1,0,11.5,S,0,Adult,Middle
863,1,1,female,48.0,0,0,25.9292,S,1,MiddleAge,Upper
864,0,3,female,21.5,8,2,69.55,S,0,Adult,Lower
865,0,2,male,24.0,0,0,13.0,S,0,Adult,Middle
866,1,2,female,42.0,0,0,13.0,S,0,MiddleAge,Middle
867,1,2,female,27.0,1,0,13.8583,C,0,Adult,Middle
868,0,1,male,31.0,0,0,50.4958,S,1,Adult,Upper
869,0,3,male,25.0,0,0,9.5,S,0,Adult,Lower
870,1,3,male,4.0,1,1,11.1333,S,0,Child,Lower
871,0,3,male,26.0,0,0,7.8958,S,0,Adult,Lower
872,1,1,female,47.0,1,1,52.5542,S,1,MiddleAge,Upper
873,0,1,male,33.0,0,0,5.0,S,1,Adult,Upper
874,0,3,male,47.0,0,0,9.0,S,0,MiddleAge,Lower
875,1,2,female,28.0,1,0,24.0,C,0,Adult,Middle
876,1,3,female,15.0,0,0,7.225,C,0,Teen,Lower
877,0,3,male,20.0,0,0,9.8458,S,0,Teen,Lower
878,0,3,male,19.0,0,0,7.8958,S,0,Teen,Lower
879,0,3,male,25.0,0,0,7.8958,S,0,Adult,Lower
880,1,1,female,56.0,0,1,83.1583,C,1,MiddleAge,Upper
881,1,2,female,25.0,0,1,26.0,S,0,Adult,Middle
882,0,3,male,33.0,0,0,7.8958,S,0,Adult,Lower
883,0,3,female,22.0,0,0,10.5167,S,0,Adult,Lower
884,0,2,male,28.0,0,0,10.5,S,0,Adult,Middle
885,0,3,male,25.0,0,0,7.05,S,0,Adult,Lower
886,0,3,female,39.0,0,5,29.125,Q,0,Adult,Lower
887,0,2,male,27.0,0,0,13.0,S,0,Adult,Middle
888,1,1,female,19.0,0,0,30.0,S,1,Teen,Upper
889,0,3,female,21.5,1,2,23.45,S,0,Adult,Lower
890,1,1,male,26.0,0,0,30.0,C,1,Adult,Upper
891,0,3,male,32.0,0,0,7.75,Q,0,Adult,Lower
